{"Validation Loss":0.10709460452198982,"_wandb":{"runtime":17},"_runtime":17,"device":"cuda","_timestamp":1.7615394089198842e+09,"_step":24,"Training Loss":0.4927104339003563,"Accuracy":0.8574428406313105}